<?xml version="1.0"?>
<!DOCTYPE module PUBLIC
  "-//Checkstyle//DTD Checkstyle Configuration 1.3//EN"
  "https://checkstyle.org/dtds/configuration_1_3.dtd">

<module name="Checker">
  <property name="charset" value="UTF-8"/>

  <module name="LineLength">
    <property name="fileExtensions" value="java"/>
    <property name="max" value="100"/>
    <property name="ignorePattern"
	      value="^package.*|^import.*|a href|href|http://|https://|ftp://"/>
  </module>
  <module name="NewlineAtEndOfFile"/>
  <module name="FileTabCharacter"/>

  <module name="TreeWalker">
    <module name="RequireThis"/>
    <module name="NeedBraces">
      <property name="tokens"
		value="LITERAL_DO, LITERAL_ELSE, LITERAL_FOR, LITERAL_IF, LITERAL_WHILE"/>
    </module>
    <module name="LeftCurly">
      <property name="tokens"
		value="ANNOTATION_DEF, CLASS_DEF, CTOR_DEF, ENUM_CONSTANT_DEF, ENUM_DEF,
		       INTERFACE_DEF, LAMBDA, LITERAL_CASE, LITERAL_CATCH, LITERAL_DEFAULT,
		       LITERAL_DO, LITERAL_ELSE, LITERAL_FINALLY, LITERAL_FOR, LITERAL_IF,
		       LITERAL_SWITCH, LITERAL_SYNCHRONIZED, LITERAL_TRY, LITERAL_WHILE,
		       METHOD_DEF, OBJBLOCK, STATIC_INIT, RECORD_DEF, COMPACT_CTOR_DEF"/>
    </module>
    <module name="RightCurly">
      <property name="option" value="alone" />
      <property name="tokens"
		value="CLASS_DEF, METHOD_DEF, CTOR_DEF, LITERAL_FOR, LITERAL_WHILE,
                       STATIC_INIT, INSTANCE_INIT, ANNOTATION_DEF, ENUM_DEF, INTERFACE_DEF,
		       RECORD_DEF, COMPACT_CTOR_DEF, LITERAL_SWITCH, LITERAL_TRY,
		       LITERAL_CATCH, LITERAL_FINALLY, LITERAL_IF, LITERAL_ELSE" />
    </module>
    <module name="WhitespaceAfter">
      <property name="tokens"
		value="COMMA, SEMI, TYPECAST, LITERAL_IF, LITERAL_ELSE, LITERAL_RETURN,
		       LITERAL_WHILE, LITERAL_DO, LITERAL_FOR, LITERAL_FINALLY, DO_WHILE,
		       ELLIPSIS, LITERAL_SWITCH, LITERAL_SYNCHRONIZED, LITERAL_TRY,
		       LITERAL_CATCH, LAMBDA, LITERAL_YIELD, LITERAL_CASE"/>
    </module>
    <module name="WhitespaceAround">
      <property name="allowEmptyConstructors" value="true"/>
      <property name="allowEmptyLambdas" value="true"/>
      <property name="allowEmptyMethods" value="true"/>
      <property name="allowEmptyTypes" value="true"/>
      <property name="allowEmptyLoops" value="true"/>
      <property name="ignoreEnhancedForColon" value="false"/>
      <property name="tokens"
        value="ASSIGN, BAND, BAND_ASSIGN, BOR, BOR_ASSIGN, BSR, BSR_ASSIGN, BXOR,
               BXOR_ASSIGN, COLON, DIV_ASSIGN, DO_WHILE, EQUAL, GE, GT, LAMBDA, LAND,
               LCURLY, LE, LITERAL_CATCH, LITERAL_DO, LITERAL_ELSE, LITERAL_FINALLY,
               LITERAL_FOR, LITERAL_IF, LITERAL_RETURN, LITERAL_SWITCH, LITERAL_SYNCHRONIZED,
               LITERAL_TRY, LITERAL_WHILE, LOR, LT, MINUS, MINUS_ASSIGN, MOD, MOD_ASSIGN,
               NOT_EQUAL, PLUS, PLUS_ASSIGN, QUESTION, RCURLY, SL, SLIST, SL_ASSIGN, SR,
               SR_ASSIGN, STAR_ASSIGN, LITERAL_ASSERT, TYPE_EXTENSION_AND"/>
      <message key="ws.notFollowed"
        value="WhitespaceAround: ''{0}'' is not followed by whitespace. Empty blocks
               may only be represented as '{}' when not part of a multi-block statement
	       (4.1.3)"/>
      <message key="ws.notPreceded"
              value="WhitespaceAround: ''{0}'' is not preceded with whitespace."/>
    </module>
    <module name="OneStatementPerLine"/>
    <module name="UpperEll"/>
    <module name="ArrayTypeStyle"/>
    <module name="TypeName">
      <property name="tokens" value="CLASS_DEF, INTERFACE_DEF, ENUM_DEF,
                    ANNOTATION_DEF, RECORD_DEF"/>
      <message key="name.invalidPattern"
             value="Type name ''{0}'' must match pattern ''{1}''."/>
    </module>
    <module name="MemberName">
      <property name="format" value="^[a-z][a-z0-9][a-zA-Z0-9]*$"/>
      <message key="name.invalidPattern"
             value="Member name ''{0}'' must match pattern ''{1}''."/>
    </module>
     <module name="ParameterName">
      <property name="format" value="^[a-z_]([a-z0-9][a-zA-Z0-9]*)?$"/>
      <message key="name.invalidPattern"
             value="Parameter name ''{0}'' must match pattern ''{1}''."/>
    </module>
    <module name="LambdaParameterName">
      <property name="format" value="^[a-z_]([a-z0-9][a-zA-Z0-9]*)?$"/>
      <message key="name.invalidPattern"
             value="Lambda parameter name ''{0}'' must match pattern ''{1}''."/>
    </module>
    <module name="CatchParameterName">
      <property name="format" value="^[a-z_]([a-z0-9][a-zA-Z0-9]*)?$"/>
      <message key="name.invalidPattern"
             value="Catch parameter name ''{0}'' must match pattern ''{1}''."/>
    </module>
    <module name="GenericWhitespace" />
    <module name="Indentation">
      <property name="caseIndent" value="0" />
    </module>
    <module name="AbbreviationAsWordInName" />
    <module name="NoWhitespaceBefore">
      <property name="tokens"
		value="COMMA, SEMI, POST_INC, POST_DEC, DOT,
		       LABELED_STAT, METHOD_REF"/>
      <property name="allowLineBreaks" value="true"/>
    </module>
    <module name="InvalidJavadocPosition"/>
    <module name="JavadocTagContinuationIndentation"/>
     <module name="SummaryJavadoc">
      <property name="forbiddenSummaryFragments"
        value="^@return the *|^This method returns |^A [{]@code [a-zA-Z0-9]+[}]( is a )"/>
    </module>
    <module name="JavadocParagraph"/>
    <module name="RequireEmptyLineBeforeBlockTagGroup"/>
    <module name="AtclauseOrder">
      <property name="tagOrder" value="@param, @return, @throws, @deprecated"/>
      <property name="target"
               value="CLASS_DEF, INTERFACE_DEF, ENUM_DEF, METHOD_DEF, CTOR_DEF, VARIABLE_DEF"/>
    </module>
    <module name="JavadocType">
      <property name="authorFormat" value="[A-Z][a-z]" />
    </module>
    <module name="JavadocMethod"/>
    <module name="MissingJavadocType"/>
    <module name="MissingJavadocMethod">
      <property name="scope" value="public" />
    </module>
    <module name="MissingJavadocMethod">
      <property name="scope" value="package" />
    </module>
    <module name="MethodName">
      <property name="format" value="^[a-z][a-z0-9]\w*$"/>
      <message key="name.invalidPattern"
	       value="Method name ''{0}'' must match pattern ''{1}''."/>
    </module>
    <module name="SingleLineJavadoc"/>
    <module name="CommentsIndentation"/>
    <module name="VisibilityModifier">
      <property name="publicMemberPattern" value="^$"/>
      <property name="packageAllowed" value="true" />
    </module>
  </module> <!-- TreeWalker -->
</module>
